stage,seed,theta_sort,cov_alpha_psi_true,corr_alpha_psi_true,workers,firms,periods,start,burnin,network,connectivity
calibration,31032009,2.5,.020001083,.241858743,100000,10000,8,2002,5,random,keep
calibration,12345,2.5,.019425182,.235805791,100000,10000,8,2002,5,random,keep
calibration,24680,2.5,.027314957,.331115565,100000,10000,8,2002,5,random,keep
calibration,97531,2.5,.021639359,.264187181,100000,10000,8,2002,5,random,keep
calibration,86420,2.5,.022893585,.274402136,100000,10000,8,2002,5,random,keep
calibration,31032009,3,.021775869,.262679796,100000,10000,8,2002,5,random,keep
calibration,12345,3,.020396785,.247339335,100000,10000,8,2002,5,random,keep
calibration,24680,3,.029242527,.354333396,100000,10000,8,2002,5,random,keep
calibration,97531,3,.024590201,.299450641,100000,10000,8,2002,5,random,keep
calibration,86420,3,.025389298,.303539489,100000,10000,8,2002,5,random,keep
calibration,31032009,2.067,.017953644,.217262515,100000,10000,8,2002,5,random,keep
calibration,12345,2.067,.017619281,.214343508,100000,10000,8,2002,5,random,keep
calibration,24680,2.067,.024451829,.297140522,100000,10000,8,2002,5,random,keep
calibration,97531,2.067,.018957938,.231508353,100000,10000,8,2002,5,random,keep
calibration,86420,2.067,.019850774,.237790410,100000,10000,8,2002,5,random,keep
validation,11111,2.067,.017259885,.210618978,100000,10000,8,2002,5,random,keep
validation,22222,2.067,.019170938,.235608445,100000,10000,8,2002,5,random,keep
validation,33333,2.067,.017551940,.214666948,100000,10000,8,2002,5,random,keep
validation,44444,2.067,.020250161,.244222739,100000,10000,8,2002,5,random,keep
validation,55555,2.067,.021200914,.260446887,100000,10000,8,2002,5,random,keep
calibration,31032009,2.2,.018646388,.225698107,100000,10000,8,2002,5,random,keep
calibration,12345,2.2,.018476503,.224651712,100000,10000,8,2002,5,random,keep
calibration,24680,2.2,.025475276,.309781111,100000,10000,8,2002,5,random,keep
calibration,97531,2.2,.019906560,.242976771,100000,10000,8,2002,5,random,keep
calibration,86420,2.2,.020847214,.249941262,100000,10000,8,2002,5,random,keep
validation,11111,2.2,.018048351,.219856233,100000,10000,8,2002,5,random,keep
validation,22222,2.2,.019916144,.244143750,100000,10000,8,2002,5,random,keep
validation,33333,2.2,.018259463,.223085702,100000,10000,8,2002,5,random,keep
validation,44444,2.2,.021166744,.255435483,100000,10000,8,2002,5,random,keep
validation,55555,2.2,.022951252,.281287814,100000,10000,8,2002,5,random,keep
